{"camera": {"fx": 514.638, "fy": 518.858, "cx": 315.267, "cy": 247.358, "k0": 0.123, "k1": -0.204, "k2": 0.0, "px": 0.000488, "py": 0.0029}, "imu": {"a_bias": [0.463228, 0.221564, 0.0320127], "g_bias": [-0.000395, 0.00206, 0.00191], "a_noise": 0.004, "g_noise": 1e-05}, "alignment": {"t_camera_to_body": [0.056, 0.048, -0.013], "w_camera_to_body": [-1.246, 1.178, -1.237]}, "image_width": 640, "image_height": 480}