{"distortion_model": "radtan", "image_height": 480, "image_width": 640, "camera": {"f_x": 514.638, "f_y": 518.858, "c_x": 315.267, "c_y": 247.358, "k_0": 0.123, "k_1": -0.204, "k_2": 0.0, "p_x": 0.000488, "p_y": 0.0029}, "imu": {"b_a": [0.463228, 0.221564, 0.0320127], "c_as": [0.999503, 0.999323, 0.998218], "c_ar": [-0.0342516, -8.6716e-05, 0.0497822], "b_g": [-0.000395, 0.00206, 0.00191], "c_gs": [0.99762, 1.0006, 1.00098], "c_gru": [-0.0333694, -0.0268321, 0.0299705], "c_grl": [0.0342183, 0.0224757, -0.0316895], "n_a": 0.004, "n_g": 1e-05}, "alignment": {"t_camera_to_body": [0.056, 0.048, -0.013], "w_camera_to_body": [-1.246, 1.178, -1.237]}}